{"cameraMode":{"drawMode":0,"name":"Shaded","section":"Shading Mode"},"sceneLighting":false,"audioPlay":false,"sceneViewState":{"m_AlwaysRefresh":false,"showFog":true,"showSkybox":false,"showFlares":true,"showImageEffects":true,"showParticleSystems":true,"showVisualEffectGraphs":true,"m_FxEnabled":true},"in2DMode":false,"pivot":{"x":18.261056900024415,"y":7.692089080810547,"z":3.2508487701416017},"rotation":{"x":-0.005787512753158808,"y":0.9729381203651428,"z":-0.22975657880306245,"w":-0.02452830784022808},"size":11.031254768371582,"orthographic":false}